{
    "model_name": "ATT_ct01_dr01_ks01_lu01_as02_qt01_dw01_opa1_lr01_bs01_en01_dsmela1_wf2_noval",
    "results_recap_version": "001",
    "history_train": {
        "loss": [
            0.2546294927597046,
            0.09469672292470932,
            0.07485751062631607,
            0.055981963872909546,
            0.05875455588102341,
            0.04686937481164932,
            0.042664818465709686,
            0.03641204163432121,
            0.044839903712272644,
            0.033472783863544464,
            0.02977324277162552,
            0.030407531186938286,
            0.02825392782688141,
            0.028888674452900887,
            0.030048400163650513
        ],
        "categorical_accuracy": [
            0.9017611145973206,
            0.9664468765258789,
            0.9736248850822449,
            0.9801352024078369,
            0.9782989621162415,
            0.9823052883148193,
            0.9859777688980103,
            0.9862281680107117,
            0.983306884765625,
            0.9869793653488159,
            0.98856520652771,
            0.9888991117477417,
            0.989650309085846,
            0.9893999099731445,
            0.98856520652771
        ],
        "precision": [
            0.9330617785453796,
            0.9763057231903076,
            0.9810683131217957,
            0.9874968528747559,
            0.986479640007019,
            0.9881272912025452,
            0.99081951379776,
            0.9915789365768433,
            0.9880350232124329,
            0.99225914478302,
            0.992600679397583,
            0.9930269718170166,
            0.9933596849441528,
            0.9931144714355469,
            0.9922747611999512
        ],
        "recall": [
            0.8795592784881592,
            0.9595192670822144,
            0.9688673615455627,
            0.9756280779838562,
            0.9743760824203491,
            0.979467511177063,
            0.9818879961967468,
            0.9828060865402222,
            0.9787163138389587,
            0.9843084812164307,
            0.9853100776672363,
            0.9865620732307434,
            0.9863951206207275,
            0.9871463179588318,
            0.986311674118042
        ]
    },
    "cm": [
        [
            165,
            0,
            0,
            0
        ],
        [
            5,
            402,
            1,
            0
        ],
        [
            5,
            1,
            396,
            0
        ],
        [
            1,
            1,
            0,
            417
        ]
    ],
    "fscore": 0.9866841057621272
}