{
    "model_name": "VAN_opa1_lr03_bs32_en15_dsmel04L_wLTBnumLS_noval",
    "results_recap_version": "001",
    "loss": 0.14439575374126434,
    "categorical_accuracy": 0.9715988039970398,
    "precision": 0.9808235764503479,
    "recall": 0.9650446772575378,
    "cm": [
        [
            401,
            2,
            3,
            0,
            0,
            0,
            1,
            6,
            0,
            1,
            0,
            4
        ],
        [
            1,
            418,
            0,
            1,
            2,
            0,
            0,
            1,
            0,
            0,
            1,
            0
        ],
        [
            1,
            0,
            383,
            0,
            2,
            0,
            2,
            2,
            1,
            0,
            3,
            0
        ],
        [
            2,
            0,
            0,
            398,
            0,
            0,
            0,
            1,
            2,
            4,
            0,
            1
        ],
        [
            1,
            2,
            2,
            0,
            376,
            5,
            3,
            2,
            1,
            4,
            0,
            4
        ],
        [
            0,
            2,
            1,
            0,
            0,
            396,
            0,
            1,
            0,
            0,
            5,
            0
        ],
        [
            2,
            0,
            0,
            1,
            0,
            0,
            449,
            3,
            1,
            2,
            0,
            0
        ],
        [
            0,
            0,
            3,
            0,
            2,
            0,
            1,
            400,
            0,
            0,
            0,
            0
        ],
        [
            1,
            1,
            0,
            6,
            2,
            0,
            2,
            2,
            381,
            2,
            2,
            0
        ],
        [
            0,
            1,
            0,
            0,
            0,
            1,
            3,
            0,
            3,
            436,
            0,
            1
        ],
        [
            2,
            2,
            2,
            0,
            0,
            0,
            2,
            3,
            1,
            1,
            395,
            0
        ],
        [
            0,
            0,
            0,
            0,
            10,
            0,
            0,
            0,
            1,
            0,
            0,
            459
        ]
    ],
    "fscore": 0.9713770680538353,
    "history_train": {
        "loss": [
            0.5249903798103333,
            0.2396487444639206,
            0.18642084300518036,
            0.1652025282382965,
            0.11545266956090927,
            0.10717996209859848,
            0.10021968185901642,
            0.09391322731971741,
            0.08825813233852386,
            0.07178746908903122,
            0.06856764107942581,
            0.06612847000360489,
            0.061856187880039215,
            0.05857625603675842,
            0.05359121412038803
        ],
        "categorical_accuracy": [
            0.8475897312164307,
            0.930005669593811,
            0.9440456032752991,
            0.9501082897186279,
            0.9636695384979248,
            0.9653105139732361,
            0.9668831825256348,
            0.9691168069839478,
            0.9706211090087891,
            0.9767976999282837,
            0.9781196713447571,
            0.9783703684806824,
            0.9794415831565857,
            0.981333315372467,
            0.9829971790313721
        ],
        "precision": [
            0.9405807852745056,
            0.9619376063346863,
            0.9700927734375,
            0.9737421870231628,
            0.9831770658493042,
            0.9840949773788452,
            0.9844298958778381,
            0.9860893487930298,
            0.9865922331809998,
            0.9910531044006348,
            0.9903900027275085,
            0.9907314777374268,
            0.9913654923439026,
            0.9929631352424622,
            0.9934372305870056
        ],
        "recall": [
            0.7684786319732666,
            0.9083760976791382,
            0.9292991161346436,
            0.9365014433860779,
            0.9537321925163269,
            0.9561253786087036,
            0.9582905769348145,
            0.9613219499588013,
            0.9626666903495789,
            0.9694814682006836,
            0.9700968861579895,
            0.9720797538757324,
            0.9734700918197632,
            0.9744957089424133,
            0.9763874411582947
        ]
    }
}