{
    "model_name": "VAN_opa1_lr03_bs32_en15_dsaug14_wLTBnum",
    "results_recap_version": "001",
    "loss": 0.09859489649534225,
    "categorical_accuracy": 0.986473023891449,
    "precision": 0.9876345992088318,
    "recall": 0.9850805401802063,
    "cm": [
        [
            412,
            2,
            1,
            0,
            0,
            0,
            0,
            2,
            0,
            0,
            0,
            1
        ],
        [
            1,
            421,
            0,
            0,
            1,
            0,
            0,
            0,
            0,
            0,
            1,
            0
        ],
        [
            0,
            0,
            390,
            0,
            1,
            0,
            0,
            1,
            0,
            1,
            1,
            0
        ],
        [
            0,
            0,
            0,
            407,
            0,
            0,
            0,
            0,
            0,
            1,
            0,
            0
        ],
        [
            0,
            1,
            0,
            0,
            393,
            2,
            1,
            0,
            0,
            2,
            1,
            0
        ],
        [
            0,
            3,
            0,
            0,
            0,
            398,
            0,
            2,
            0,
            0,
            2,
            0
        ],
        [
            0,
            2,
            0,
            2,
            0,
            0,
            446,
            1,
            0,
            1,
            2,
            0
        ],
        [
            0,
            0,
            2,
            0,
            0,
            0,
            1,
            401,
            0,
            0,
            2,
            0
        ],
        [
            2,
            0,
            0,
            2,
            2,
            0,
            0,
            0,
            392,
            0,
            1,
            0
        ],
        [
            0,
            0,
            0,
            1,
            2,
            0,
            1,
            2,
            4,
            435,
            0,
            0
        ],
        [
            2,
            2,
            1,
            0,
            1,
            0,
            0,
            0,
            1,
            0,
            401,
            0
        ],
        [
            0,
            0,
            0,
            0,
            3,
            0,
            0,
            0,
            0,
            0,
            0,
            463
        ]
    ],
    "fscore": 0.9863822012118337,
    "history_train": {
        "loss": [
            0.40911561250686646,
            0.14715339243412018,
            0.11363352835178375,
            0.09462196379899979,
            0.06024954468011856,
            0.05188082903623581,
            0.04625561460852623,
            0.0425618514418602,
            0.040884632617235184,
            0.02919154055416584,
            0.026079613715410233,
            0.024939030408859253,
            0.02386409603059292,
            0.02131541632115841,
            0.018666286021471024
        ],
        "categorical_accuracy": [
            0.8811164498329163,
            0.9555606842041016,
            0.9648390412330627,
            0.9702121019363403,
            0.9808433651924133,
            0.9828598499298096,
            0.9849656820297241,
            0.9860122203826904,
            0.9861653447151184,
            0.990734338760376,
            0.9917681217193604,
            0.9923041462898254,
            0.992355227470398,
            0.993452787399292,
            0.9943844676017761
        ],
        "precision": [
            0.9571501612663269,
            0.9739623069763184,
            0.9793636202812195,
            0.9826896786689758,
            0.9904119968414307,
            0.9914522171020508,
            0.9925333857536316,
            0.9926341772079468,
            0.9925878047943115,
            0.9956636428833008,
            0.9960152506828308,
            0.9960685968399048,
            0.9960063695907593,
            0.9969059824943542,
            0.9972666501998901
        ],
        "recall": [
            0.8156188726425171,
            0.9433341026306152,
            0.955777645111084,
            0.962886393070221,
            0.975572407245636,
            0.9784950613975525,
            0.9805880784988403,
            0.9820685386657715,
            0.9827194809913635,
            0.9875437021255493,
            0.9889348149299622,
            0.9894708395004272,
            0.9899047613143921,
            0.9910278916358948,
            0.9918319582939148
        ]
    },
    "history_val": {
        "val_loss": [
            0.9091678261756897,
            0.2900253236293793,
            0.5993745923042297,
            2.2422540187835693,
            0.28443828225135803,
            0.08507637679576874,
            0.11860284209251404,
            0.07672145962715149,
            0.08390270173549652,
            0.06992784887552261,
            0.057624295353889465,
            0.0690130665898323,
            0.07571693509817123,
            0.061999715864658356,
            0.05651263892650604
        ],
        "val_categorical_accuracy": [
            0.7376556396484375,
            0.9207814335823059,
            0.8183769583702087,
            0.7028767466545105,
            0.9310863018035889,
            0.977458119392395,
            0.968656063079834,
            0.9804637432098389,
            0.976384699344635,
            0.9817517995834351,
            0.985616147518158,
            0.9813224673271179,
            0.980893075466156,
            0.984113335609436,
            0.984542727470398
        ],
        "val_precision": [
            0.8202672004699707,
            0.9432480931282043,
            0.8551532030105591,
            0.721833348274231,
            0.9393277764320374,
            0.9831497073173523,
            0.9742591381072998,
            0.9848583340644836,
            0.9797064065933228,
            0.9872515201568604,
            0.9889943599700928,
            0.9853163361549377,
            0.9838327169418335,
            0.9877075552940369,
            0.9887688755989075
        ],
        "val_recall": [
            0.6985830664634705,
            0.9027479887008667,
            0.7908973693847656,
            0.6863460540771484,
            0.9240016937255859,
            0.9770287871360779,
            0.9669386148452759,
            0.977458119392395,
            0.974237859249115,
            0.980893075466156,
            0.9838986396789551,
            0.979604959487915,
            0.979819655418396,
            0.983254611492157,
            0.9828252196311951
        ]
    }
}