{
    "model_name": "ATT_ct02_dr02_ks02_lu01_qt01_dw01_opa1_lr01_bs01_en01_dsmel04_wk1_noval",
    "results_recap_version": "002",
    "loss": 0.12246198207139969,
    "categorical_accuracy": 0.9732449650764465,
    "precision": 0.9758382439613342,
    "recall": 0.9715267419815063,
    "cm": [
        [
            397,
            0,
            1,
            1,
            0,
            0,
            0,
            1,
            1,
            4
        ],
        [
            0,
            418,
            0,
            1,
            0,
            0,
            0,
            0,
            0,
            0
        ],
        [
            2,
            0,
            379,
            3,
            3,
            0,
            3,
            12,
            0,
            0
        ],
        [
            8,
            0,
            0,
            387,
            0,
            0,
            1,
            5,
            0,
            1
        ],
        [
            1,
            0,
            0,
            0,
            408,
            0,
            0,
            2,
            0,
            0
        ],
        [
            0,
            0,
            0,
            2,
            1,
            387,
            1,
            1,
            1,
            3
        ],
        [
            0,
            0,
            5,
            1,
            2,
            0,
            383,
            3,
            1,
            1
        ],
        [
            0,
            0,
            3,
            0,
            2,
            0,
            3,
            417,
            0,
            0
        ],
        [
            2,
            3,
            1,
            0,
            0,
            1,
            0,
            2,
            402,
            1
        ],
        [
            8,
            1,
            0,
            7,
            1,
            0,
            0,
            1,
            1,
            387
        ]
    ],
    "fscore": 0.9732347854710154,
    "history_train": {
        "loss": [
            0.38307902216911316,
            0.15264104306697845,
            0.1126873791217804,
            0.09443724900484085,
            0.07701855897903442,
            0.0716138407588005,
            0.05594556778669357,
            0.056661732494831085,
            0.047777123749256134,
            0.05033716931939125,
            0.04347054660320282,
            0.03632524237036705,
            0.03700504079461098,
            0.033269599080085754,
            0.02917257882654667
        ],
        "categorical_accuracy": [
            0.8704455494880676,
            0.9491761326789856,
            0.9614179730415344,
            0.9676259160041809,
            0.9738048315048218,
            0.9756034016609192,
            0.9807089567184448,
            0.9798967242240906,
            0.9838709831237793,
            0.9830586910247803,
            0.9853504300117493,
            0.9885414242744446,
            0.9866558313369751,
            0.9888315200805664,
            0.990339994430542
        ],
        "precision": [
            0.9270213842391968,
            0.9648272395133972,
            0.9745790362358093,
            0.9790787696838379,
            0.9833985567092896,
            0.9849091172218323,
            0.9883284568786621,
            0.9874790906906128,
            0.9908579587936401,
            0.9895711541175842,
            0.9908393621444702,
            0.9933651089668274,
            0.9917577505111694,
            0.9929353594779968,
            0.9943087100982666
        ],
        "recall": [
            0.8364759683609009,
            0.9413726925849915,
            0.9553260803222656,
            0.9625203013420105,
            0.9691633582115173,
            0.9712520241737366,
            0.9776630401611328,
            0.976908802986145,
            0.9809700846672058,
            0.9799257516860962,
            0.9821014404296875,
            0.9859015941619873,
            0.9843351244926453,
            0.9866848587989807,
            0.9882803559303284
        ]
    }
}